"Point.Forecast","Lo.80","Hi.80","Lo.95","Hi.95","end_month","pred_month"
279.99,252.896898659864,307.083101340136,238.554677158663,321.425322841337,12,13
279.99,241.674568638031,318.305431361969,221.391604476474,338.588395523526,12,14
279.99,233.063371944272,326.916628055728,208.221915610786,351.758084389214,12,15
279.99,225.803797319728,334.176202680272,197.119354317327,362.860645682673,12,16
279.99,219.407983682165,340.572016317835,187.337801457122,372.642198542878,12,17
279.99,213.625726167151,346.354273832849,178.494601711236,381.485398288764,12,18
299.45,272.529823338916,326.370176661084,258.279142633243,340.620857366757,13,14
299.45,261.379121064415,337.520878935585,241.225615137404,357.674384862596,13,15
299.45,252.822886274272,346.077113725728,228.139983249605,370.760016750395,13,16
299.45,245.609646677831,353.290353322169,217.108285266485,381.791714733515,13,17
299.45,239.254655019512,359.645344980488,207.389164235983,391.510835764017,13,18
299.45,233.509303394763,365.390696605237,198.602407178539,400.297592821461,13,19
319.18,292.382062666864,345.977937333136,278.196091552595,360.163908447405,14,15
319.18,281.281993579854,357.078006420146,261.220000834623,377.139999165378,14,16
319.18,272.764611000961,365.595388999039,248.193788276343,390.166211723657,14,17
319.18,265.584125333727,372.775874666273,237.21218310519,401.14781689481,14,18
319.18,259.257990466328,379.102009533672,227.537194727974,410.822805272026,14,19
319.18,253.538727374736,384.821272625264,218.790336638916,419.569663361084,14,20
293.19,265.875595083465,320.504404916535,251.41622254548,334.96377745452,15,16
293.19,254.561598118886,331.818401881114,234.112957372262,352.267042627738,15,17
293.19,245.880062906052,340.499937093948,220.835695024696,365.544304975304,15,18
293.19,238.56119016693,347.81880983307,209.642445090959,376.737554909041,15,19
293.19,232.113133841673,354.266866158326,199.780993934745,386.599006065255,15,20
293.19,226.283645326721,360.096354673279,190.865560607845,395.514439392155,15,21
277.07,250.148073073613,303.991926926387,235.896465833456,318.243534166544,16,17
277.07,238.996645815486,315.143354184514,218.841829570842,335.298170429158,16,18
277.07,230.439854725841,323.700145274159,205.755346896373,348.384653103627,16,19
277.07,223.226146147225,330.913853852775,194.722931666913,359.417068333087,16,20
277.07,216.870741307316,337.269258692684,185.003178729698,369.136821270302,16,21
277.07,211.125016137856,343.014983862144,176.215850384918,377.924149615082,16,22
285.89,259.670235879089,312.109764120911,245.790331175295,325.989668824705,17,18
285.89,248.809653977985,322.970346022015,229.180504501433,342.599495498567,17,19
285.89,240.476036380111,331.303963619889,216.435336228925,355.344663771075,17,20
285.89,233.450471758179,338.329528241821,205.69066235059,366.08933764941,17,21
285.89,227.260825071634,344.519174928366,196.224414632731,375.555585367269,17,22
285.89,221.664956727635,350.115043272365,187.666272524883,384.113727475117,17,23
324.39,296.278848804878,352.501151195122,281.397704264334,367.382295735666,18,19
324.39,284.634828725938,364.145171274062,263.589712293067,385.190287706933,18,20
324.39,275.700057870798,373.079942129202,249.9251594518,398.8548405482,18,21
324.39,268.167697609756,380.612302390244,238.405408528669,410.374591471331,18,22
324.39,261.531555001933,387.248444998067,228.256304226277,420.523695773723,18,23
324.39,255.532023489722,393.247976510278,219.080812576786,429.699187423214,18,24
329.02,301.665096537615,356.374903462385,287.184285364467,370.855714635533,19,20
329.02,290.334324526089,367.705675473911,269.855364970859,388.184635029141,19,21
329.02,281.639917367008,376.400082632992,256.558416680304,401.481583319696,19,22
329.02,274.31019307523,383.72980692477,245.348570728934,412.691429271066,19,23
329.02,267.852576340163,390.187423659837,235.472498187666,422.567501812334,19,24
329.02,262.014444554064,396.025555445936,226.543846118258,431.496153881742,19,25
299.87,271.899342559114,327.840657440886,257.092570919535,342.647429080465,20,21
299.87,260.313516898607,339.426483101393,239.373579630953,360.366420369047,20,22
299.87,251.423400191281,348.316599808719,225.77731941546,373.96268058454,20,23
299.87,243.928685118228,355.811314881772,214.315141839069,385.424858160931,20,24
299.87,237.325708586819,362.414291413181,204.216760673403,395.523239326597,20,25
299.87,231.356161499648,368.383838500352,195.087126244765,404.652873755235,20,26
295.26,267.965586852672,322.554413147328,253.516797318034,337.003202681966,21,22
295.26,256.659870750034,333.860129249966,236.226196630275,354.293803369725,21,23
295.26,247.984689666052,342.535310333948,222.958652084189,367.561347915811,21,24
295.26,240.671173705344,349.848826294656,211.773594636068,378.746405363932,21,25
295.26,234.227836796611,356.292163203389,201.919361204573,388.600638795427,21,26
295.26,228.402614960334,362.117385039666,193.010453199605,397.509546800395,21,27
289.04,262.346643755543,315.733356244457,248.216034525462,329.863965474538,22,23
289.04,251.289893573832,326.790106426168,231.306194356057,346.773805643943,22,24
289.04,242.805750760064,335.274249239936,218.330817631662,359.749182368338,22,25
289.04,235.653287511086,342.426712488914,207.392069050923,370.687930949077,22,26
289.04,229.351840889775,348.728159110225,197.754838087828,380.325161912172,22,27
289.04,223.654897678745,354.425102321255,189.042115310384,389.037884689616,22,28
273.97,247.567321161413,300.372678838587,233.590587255092,314.349412744908,23,24
273.97,236.630973503489,311.309026496511,216.86488685549,331.07511314451,23,25
273.97,228.239218795643,319.700781204357,204.030805546025,343.909194453975,23,26
273.97,221.164642322826,326.775357677174,193.211174510184,354.728825489816,23,27
273.97,214.931815328824,333.008184671176,183.678888210864,364.261111789136,23,28
273.97,209.296909002882,338.643090997118,175.061042661739,372.878957338261,23,29
266.09,240.181956804831,291.998043195169,226.467067191315,305.712932808685,24,25
266.09,229.450493938844,302.729506061156,210.05471104096,322.12528895904,24,26
266.09,221.215952861279,310.964047138721,197.46106723047,334.71893276953,24,27
266.09,214.273913609662,317.906086390337,186.84413438263,345.33586561737,24,28
266.09,208.157854251602,324.022145748398,177.490428771874,354.689571228126,24,29
266.09,202.628513937851,329.551486062149,169.034032506139,363.145967493861,24,30
208.493947470164,188.445921378027,233.022768404888,179.252879764661,248.354179443756,25,26
222.020075914429,194.979802442479,257.199575563213,183.063886616552,280.447335793978,25,27
232.776919290334,201.202780839701,275.310236752361,187.588654694884,304.352874685424,25,28
241.109428017574,206.411394349576,288.860813888879,191.645101014606,322.142884503686,25,29
247.434000668808,210.544415749738,298.897733240658,194.974427423834,335.246185913141,25,30
252.160991548591,213.723128295267,306.264024085831,197.586136061073,344.812042238995,25,31
191.668968435554,141.401242670916,231.257357612198,105.505759982,249.686287327385,26,27
208.232108156135,147.99848274777,254.59394586414,102.689635089951,276.001968002144,26,28
220.611805963692,157.058732633615,269.577716633268,109.370073196933,292.195939811431,26,29
230.053897384172,165.593658771422,280.051425316278,117.986577261039,303.199499919204,26,30
237.350867563602,172.951723898426,287.678713041255,126.194530123362,311.0417786772,26,31
243.041393589274,179.085771881561,293.371766367246,133.343413039688,316.794788780921,26,32
121.825512513967,-45.8207951203301,178.279255046442,-105.203043640023,201.871784505257,27,28
120.45658432593,-95.8240294319938,195.456721466747,-147.392692377856,225.269146383413,27,29
119.10304059926,-120.46318010724,207.084937233369,-172.346716342755,240.990980363335,27,30
117.764708462194,-137.496870133833,215.972913484616,-190.409558557759,252.972647507225,27,31
116.441416985765,-150.618813153178,223.1707397086,-204.631009868465,262.666020586888,27,32
115.132997161967,-161.309489845584,229.202904894008,-216.364460290755,270.789998549122,27,33
201.307640114855,153.225326049,239.941247584395,120.225455056624,258.062080654545,28,29
212.42403311998,151.55765866422,259.381248010508,106.029575876945,281.081335066344,28,30
221.227447745348,154.487714929886,272.061034880445,102.921564619834,295.451475738981,28,31
228.277086926622,158.7661279967,281.095548551596,104.714375354263,305.380283967758,28,32
233.96742314687,163.236799120151,287.81211157115,108.509599069123,312.583728457477,28,33
238.587676298913,167.444571658425,292.935208693339,112.90068348373,317.967014252093,28,34
239.731885659261,200.982272639735,273.036753426937,177.069737113284,289.118510524649,29,30
244.962512585953,195.313833895073,286.122473427687,163.021899527622,305.676050588325,29,31
249.062818573196,193.920815370979,294.04022591879,157.081597864773,315.26311136469,29,32
252.29105040985,194.208881496831,299.307295169853,154.883422238878,321.424406047982,29,33
254.84099959859,195.173180697414,302.978082745918,154.526955159197,325.592256403943,29,34
256.860200669125,196.356846098943,305.612081848072,155.049673662475,328.504154476097,29,35
271.131365598379,239.12331620987,299.740902175311,220.304907774002,313.831960527725,30,31
274.191443768837,226.921284144439,314.43426093377,197.367482145001,333.779327076091,30,32
274.067934141926,219.512643243681,319.438610592262,184.20502076186,341.021772691777,30,33
272.963289360555,215.46833892085,320.29940191712,177.65399774462,342.721368674644,30,34
271.837818524957,213.281187529215,319.848627505076,174.503265188198,342.551029591901,30,35
271.006891430087,212.0632871324,319.247627442413,172.910145205823,342.041755536768,30,36
237.189470982223,197.960623721224,270.79415505889,173.643226612458,286.995089138185,31,32
242.939494464573,192.997639825966,284.238294530113,160.384307627029,303.836797819062,31,33
247.396452767864,192.217654236799,292.34011858717,155.263543935344,313.534885870304,31,34
250.868428223779,192.982268621241,297.704847201331,153.757761973529,319.733413076661,31,35
253.583128955618,194.297765675621,301.425942057952,153.934037815793,323.904511805404,31,36
255.711643502175,195.731179050772,304.083241840497,154.844649576728,326.80431680255,31,37
205.84,157.909960387559,244.55045746089,125.325304164183,262.744062744232,32,33
205.84,133.094129872035,258.895198339806,68.2818197448585,282.982850965533,32,34
205.84,110.330692125081,269.384898131827,-61.7365973621115,297.580820702238,32,35
205.84,86.6111890943488,277.920736392406,-104.668801109087,309.352818779049,32,36
205.84,58.1896523786534,285.229391089818,-131.338637629782,319.364833626072,32,37
205.84,-18.2866327992749,291.679349402217,-151.460808414229,328.153592967554,32,38
177.09,118.40966093443,220.683619597039,69.5837362506285,240.584303995465,33,34
177.09,82.6957031742689,236.397879834581,-78.3695499009446,262.423079240252,33,35
177.09,36.4367124116759,247.781069759529,-120.707728457079,278.019880048156,33,36
177.09,-57.6027176613068,256.986153154327,-147.22812178119,290.518860825738,33,37
177.09,-86.0887941850496,264.831030891716,-167.142144723957,301.10110391686,33,38
177.09,-105.412994225323,271.728490479027,-183.29308385043,310.357799020126,33,39
212.45,166.68874340137,249.970235051013,136.384839260164,267.712140726864,34,35
212.45,143.522451326811,263.954213438307,87.2374098916095,287.508216507063,34,36
212.45,122.818580850983,274.201387060129,-28.6770965071974,301.819223418372,34,37
212.45,102.155271122458,282.551611306258,-89.0597627023418,313.376684661925,34,38
212.45,79.6251984386026,289.708963311521,-119.14391436327,323.216782574679,34,39
212.45,51.3577653307389,296.030808527309,-140.918837871931,331.861895527129,34,40
217.89,174.285547168841,254.119820008643,146.024229983595,271.347722523257,35,36
217.89,152.617975872538,267.694472403852,102.422956916727,290.624919279734,35,37
217.89,133.630702891833,277.66106791077,46.6755273281789,304.590756973496,35,38
217.89,115.218165929544,285.793424597623,-69.4855862321998,315.885214300942,35,39
217.89,96.1171401811912,292.771070937941,-104.889439395597,325.511293406724,35,40
217.89,74.760191519615,298.939207242647,-128.775874490922,333.975233917757,35,41
206.76,160.823425163556,244.203751198096,130.098698903838,261.867019710432,36,37
206.76,137.368370411419,258.127572402372,78.9264360050208,281.551710766651,36,38
206.76,116.203990450883,268.322254168216,-44.470334638471,295.769372678647,36,39
206.76,94.7580564542863,276.625060458825,-94.3222931972689,307.244754946536,36,40
206.76,70.6625124105336,283.738749170273,-122.444767984222,317.010783101264,36,41
206.76,37.2796487120364,290.019883519021,-143.192288544539,325.587934392055,36,42
214.96,177.84448887122,250.467228559345,157.371614531815,268.733055617461,37,38
214.96,161.881580720549,264.787871698079,131.909813276019,290.175902028271,37,39
214.96,149.350273066038,275.64064095942,111.473243178084,306.352308691916,37,40
214.96,138.569486957634,284.704046119603,93.4544950696727,319.818307119621,37,41
214.96,128.887251503774,292.627159871881,76.7930159964043,331.560667014314,37,42
214.96,119.967895009979,299.74236313151,60.8707100926853,342.083987362165,37,43
224.06,189.151142060656,261.701474397669,171.78863371252,282.723657943847,38,39
224.06,175.499333072624,278.086406078391,152.036971018308,308.870400658662,38,40
224.06,165.347140966649,290.972229674861,137.644386554159,329.660887083428,38,41
224.06,157.007433162965,302.046080359972,126.029604556436,347.676427491807,38,42
224.06,149.826615406636,311.961555012026,116.19246367815,363.917218717548,38,43
224.06,143.46943766348,321.053906319373,107.619869845246,378.89639134342,38,44
227.130000000001,187.634408253563,286.102293669403,171.617272262676,330.697401431974,39,40
227.130000000001,174.875859743178,319.912299954425,155.574923299164,404.9403923817,39,41
227.130000000001,166.153905773692,351.454369203757,145.081137207262,487.263767561883,39,42
227.130000000001,159.419775341954,383.003957437317,137.228676754769,585.829248202666,39,43
227.130000000001,153.903243820413,415.59793756983,130.9522036944,710.004824457184,39,44
227.130000000001,149.219564002953,449.936811576965,125.730493062438,874.218673103917,39,45
243.179999999996,199.077888621135,310.453599319185,181.409038334659,362.471417141467,40,41
243.179999999996,184.993558454822,349.799947006256,163.837243600313,451.299976154639,40,42
243.179999999996,175.410779206439,387.023818180076,152.410565705638,553.130984842316,40,43
243.179999999996,168.037276164466,424.760990574254,143.894981103284,679.826502818044,40,44
243.179999999996,162.013374754624,464.283233273493,137.109997891286,847.187069819224,40,45
243.179999999996,156.910515305515,506.517672932177,131.479813424005,1082.61616157594,40,46
244.38,209.316746541217,275.008773414695,188.128550044638,289.915834536377,41,42
244.38,192.935778559883,286.739031592849,159.106933605381,306.804375671684,41,43
244.38,179.35469481562,295.424348685131,132.599033715991,319.158062906653,41,44
244.38,167.049791234933,302.552788693759,105.184558060467,329.212787432584,41,45
244.38,155.403789037404,308.696713405513,72.9438850628847,337.823316669572,41,46
244.38,144.067032099745,314.14784859216,11.3582258803666,345.423152014614,41,47
225.52,187.207630898477,258.209269304179,163.328279532987,273.939505049796,42,43
225.52,168.810503530196,270.595504962015,129.071109968251,291.650664783089,42,44
225.52,153.203306360439,279.728184904739,94.7278144988321,304.543350228326,42,45
225.52,138.688119956986,287.201883246729,49.9396494365459,315.002738019178,42,46
225.52,124.505725356373,293.628774056674,-56.6934570555034,323.937951737494,42,47
225.52,110.122968085216,299.320385967415,-91.5149965603522,331.808983687312,42,48
245.51,211.048071847416,275.697630930898,190.295452166063,290.41061069087,43,44
245.51,194.997851176363,287.274200407726,162.004250004229,307.092314748773,43,45
245.51,181.723477451204,295.85024227132,136.372781801987,319.302279770716,43,46
245.51,169.728091690618,302.891610015704,110.227930879616,329.244195707299,43,47
245.51,158.409128297827,308.962246903288,80.4368277524325,337.760822331188,43,48
245.51,147.429983388399,314.349641258588,36.5382597842497,345.279693224468,43,49
259.51,227.451647022526,288.022155705028,208.49521582439,302.028048244923,44,45
259.51,212.762623196925,299.037148742188,183.251082660307,317.978882491276,44,46
259.51,200.763981651619,307.221602099916,161.222539542918,329.695575097583,44,47
259.51,190.061144267294,313.955717359703,139.984205085305,339.259009075662,44,48
259.51,180.105555335739,319.771113496939,118.150991979284,347.466544210638,44,49
259.51,170.605755784218,324.939072283629,94.1513018471294,354.723320556971,44,50
258.45,226.634669475803,286.757150451673,207.830542850504,300.665233308239,45,46
258.45,212.062984345354,297.695081652434,182.803266293491,316.506571693607,45,47
258.45,200.163794828943,305.822927681806,160.982395830915,328.143958270704,45,48
258.45,189.552939174845,312.51084918215,139.968445228116,337.643289313103,45,49
258.45,179.68617681249,318.286613470942,118.404077480711,345.796222265505,45,50
258.45,170.274588167452,323.419543761394,94.7757800082142,353.005016393477,45,51
247.05,213.853721510575,276.286323837352,193.994854682137,290.574841286176,46,47
247.05,198.483952124675,287.527064496901,167.157631956679,306.80030104733,46,48
247.05,185.830413886803,295.862971537757,143.194169808544,318.690931071345,46,49
247.05,174.451474580877,302.712200003353,119.310010297502,328.380899045493,46,50
247.05,163.772680591336,308.620573885711,93.3340989575136,336.686946022698,46,51
247.05,153.480180614948,313.866444243652,60.9723808130663,344.02363653354,46,52
260.29,229.269747901507,287.988327184668,211.010795808785,301.623125370885,47,48
260.29,215.114630975686,298.710089143986,186.829950098888,317.170216551578,47,49
260.29,203.586833338588,306.683148211033,165.902722239541,328.601567063407,47,50
260.29,193.335235936422,313.247141213939,145.947572900661,337.93838925706,47,51
260.29,183.830331511578,318.918217897356,125.770263819239,345.955575083658,47,52
260.29,174.792977304541,323.959834053865,104.219140606408,353.047012278272,47,53
245.87,212.994036439488,274.841397069413,193.340885694756,289.004751569398,48,49
245.87,197.782333603359,285.983468072614,166.806379605599,305.090848684223,48,50
245.87,185.265081518412,294.247159405845,143.148940149289,316.880969217829,48,51
245.87,174.014509238708,301.037607684749,119.623994718412,326.489926894045,48,52
245.87,163.462238077671,306.895651379053,94.1476408521994,334.727118109526,48,53
245.87,153.298388762684,312.097109926571,62.7711533795432,342.003404577198,48,54
262.38,230.794476736085,293.205917611604,213.717092518391,309.255640946819,49,50
262.38,217.454996050826,305.779061105388,192.90533813352,328.241876212057,49,51
262.38,207.105297863622,315.355500187128,176.621425335221,342.659323179802,49,52
262.38,198.297532062551,323.382885110086,162.65217357821,354.718122686716,49,53
262.38,190.471123762693,330.42158072675,150.139248495429,365.27315668466,49,54
262.38,183.338638609132,336.758800428997,138.640819659525,374.76230528424,49,55
247.48,214.314744686015,283.04985639472,197.730598576917,302.853637284646,50,51
247.48,201.280916388684,298.488256639762,178.768768615044,327.439543121897,50,52
247.48,191.55901862429,310.61469713633,164.871560851605,346.960665704117,50,53
247.48,183.551427190614,321.026802003567,153.595708186533,363.860271043616,50,54
247.48,176.639324087726,330.343389157758,143.994860470757,379.084708183894,50,55
247.48,170.505345806366,338.881822023946,135.583685540806,393.119308164557,50,56
264.299999999996,217.692119278662,334.379371598069,198.866011574239,387.758015564946,51,52
264.299999999996,202.692523874949,374.818449526081,180.054203903437,477.353024146153,51,53
264.299999999996,192.454530474382,412.715574247145,167.772751563744,577.75948872627,51,54
264.299999999996,184.558788529109,450.786010805951,158.595025161921,699.439253523671,51,55
264.299999999996,178.096475871775,490.288852747496,151.266953730077,855.007748844221,51,56
264.299999999996,172.61391245539,532.09539084755,145.175588038612,1064.6490758649,51,57
261.958338351025,219.130087200064,324.076476683933,201.466496240681,369.678838698459,52,53
257.443550009484,208.123371638208,334.970147240107,188.692845064206,396.860055171674,52,54
254.304766500185,202.790670535137,338.023861692262,182.861921934608,407.331267547975,52,55
252.104511745479,199.851055637264,338.273675129714,179.794051018775,410.777154968937,52,56
250.553199878876,198.117316552282,337.570566985517,178.057845193058,411.308095811437,52,57
249.454957945519,197.047368645673,336.647067899393,177.02581070708,410.744869109028,52,58
262.61,233.20536289836,289.038745878427,216.0254555993,302.094845175756,53,54
262.61,219.876896547023,299.303197023221,193.471904525214,317.012924628262,53,55
262.61,209.074301814464,306.946749559902,174.197283529871,328.000259318289,53,56
262.61,199.51344649187,313.245709902332,156.110183098749,336.984836987182,53,57
262.61,190.693410606141,318.692068838996,138.227949020444,344.706436281739,53,58
262.61,182.352702397191,323.537057039229,119.785279731079,351.54135672231,53,59
264.59,235.723596598788,290.603221040361,218.907286932576,303.47256133854,54,55
264.59,222.673471667995,300.719940461344,196.904985360009,318.189710199044,54,56
264.59,212.116091002369,308.257740760514,178.189462057018,329.036564522145,54,57
264.59,202.789296841191,314.472076558953,160.727470110339,337.910518824017,54,58
264.59,194.201449699574,319.846994304035,143.594404203719,345.539859032925,54,59
264.59,186.096678405342,324.629709297203,126.117438504795,352.295141479302,54,60
270.45,242.53830098239,295.739210873461,226.373999323653,308.287951741772,55,56
270.45,229.986952129332,305.602053015513,205.365105772877,322.664026332406,55,57
270.45,219.870710111794,312.959406153746,187.656446394358,333.274990936677,55,58
270.45,210.965829653045,319.030163792639,171.311197860936,341.964773454309,55,59
270.45,202.796757252327,324.284460256527,155.493618272338,349.441627451398,55,60
270.45,195.117218125418,328.962487256748,139.660054465383,356.066122466581,55,61
275.51,248.415173113757,300.169151886874,232.799088730374,312.436129547176,56,57
275.51,236.283931352965,309.809006845292,212.609463951875,326.510649191736,56,58
275.51,226.535267120995,317.007239483917,195.710345250579,336.911997537919,56,59
275.51,217.978340678934,322.951020466779,180.23706296157,345.437531649817,56,60
275.51,210.151053923049,328.098393791719,165.409875281595,352.778009606627,56,61
275.51,202.814829669994,332.683439042861,150.755192935662,359.285260010026,56,62
267.66,239.90545348963,292.795537313914,223.824343964248,305.264893462765,57,58
267.66,227.419287845421,302.596140518381,202.91227110481,319.547885808689,57,59
267.66,217.352532787423,309.906337668476,185.272371808902,330.088847717121,57,60
267.66,208.488621183543,315.937751596493,168.976770139279,338.720561526478,57,61
267.66,200.354709360484,321.157697234076,153.19050500395,346.146959470831,57,62
267.66,192.705839033892,325.804919171107,137.366060622119,352.726394126899,57,63
260.95,232.634534274613,286.480512844135,216.149000824975,299.114801200992,58,59
260.95,219.84035881764,296.412271576953,194.594130351925,313.565684186016,58,60
260.95,209.493941183022,303.813126252105,176.276445964418,324.217824910261,58,61
260.95,200.356892147281,309.91507473405,159.205057437128,332.933349012655,58,62
260.95,191.94696101582,315.19313837211,142.480111639575,340.427054543593,58,63
260.95,184.01330549439,319.88993141195,125.455127998739,347.062655850138,58,64
256.98,228.42799496267,282.662695113393,211.760934769785,295.35571918977,59,60
256.98,215.49628064473,292.641435996215,189.902900581572,309.862624438394,59,61
256.98,205.021142691129,300.073488952382,171.249391319649,320.549338271483,59,62
256.98,195.755239459985,306.198900207076,153.775968391663,329.289343566974,59,63
256.98,187.212224174387,311.495710879981,136.54127997966,336.801578345309,59,64
256.98,179.138455955802,316.208040681453,118.827728616947,343.451771741367,59,65
254.04,225.37220490511,279.785847469983,208.60779829666,292.49903413776,60,61
254.04,212.367242506343,289.780977981873,186.576834172702,307.02157721833,60,62
254.04,201.820801166682,297.222705431314,167.721169581329,317.715360766703,60,63
254.04,192.481369896207,303.354591358384,149.994976996689,326.458633470579,60,64
254.04,183.860518010236,308.655975607651,132.426336017762,333.972014475271,60,65
254.04,175.703014249155,313.371616221114,114.24100025782,340.622026552969,60,66
262.89,234.505221787667,290.395411217291,219.065514139974,304.645495207183,61,62
262.89,222.450833916359,301.562676792383,200.153829430912,321.444200709507,61,63
262.89,213.0690946491,310.049329753131,185.278111764089,334.160015305575,61,64
262.89,205.064232919559,317.150922693073,172.458209688628,344.769804138615,61,65
262.89,197.934632222851,323.36884321842,160.926105865032,354.037884363775,61,66
262.89,191.42311650709,328.960027334726,150.286271538454,362.355592323846,61,67
249.227469475,220.999186868168,278.719029996258,206.580121833241,294.830523201209,62,63
249.842015646532,210.662939587756,291.493983003331,190.959185262428,314.512468780153,62,64
250.865823047827,206.645819541702,298.249958597566,184.56950184455,324.56884737476,62,65
251.735798446502,205.273801132583,301.69166604284,182.152482261827,329.498341963819,62,66
252.365725543108,204.925782007456,303.444610539974,181.34927335582,331.901314583094,62,67
252.793772463788,204.93027349394,304.357452880209,181.155933524083,333.094238284477,62,68
251.421106299912,214.737822468319,302.168964756656,199.17611366606,337.719280536398,63,64
250.599475202915,207.056043628299,315.591300226821,189.393525901251,364.719331804656,63,65
250.010652782057,203.611451962472,321.6661727959,185.150767434729,377.797755101997,63,66
249.588038392235,201.874690303655,324.497650094781,183.064546337671,384.220205540653,63,67
249.284388928356,200.948308174171,325.794011618328,181.978339485076,387.33184085489,63,68
249.066046956314,200.435362315742,326.355951719732,181.392399976396,388.796240555135,63,69
279.56,254.15980034783,302.837364970477,239.626417833375,314.462988104875,64,65
279.56,242.861916116327,311.970913494091,220.98193829803,327.833773321506,64,66
279.56,233.822918041408,318.801964432159,205.531995382745,337.734827195803,64,67
279.56,225.921932466776,324.449101225423,191.54144988282,345.861689875411,64,68
279.56,218.72468030596,329.344110947178,178.30832212762,352.866555141913,64,69
279.56,212.007688556044,333.707747239984,165.436162300703,359.081850737049,64,70
300.03,276.467084250003,321.872689842232,263.140976757031,332.855832589766,65,66
300.03,266.096630034533,330.497710354927,246.247887356518,345.540645044077,65,67
300.03,257.856473353957,336.966272411751,232.454483752594,354.966838485008,65,68
300.03,250.699392317802,342.324584909102,220.155804282948,362.723245955456,65,69
300.03,244.220156960869,346.976799602617,208.72087761183,369.421870752283,65,70
300.03,238.210855906858,351.129678468857,197.814838807105,375.375025038888,65,71
304.32449940173,282.293752819796,324.864749144306,269.904487769549,335.229063461035,66,67
294.622019945461,261.337009069602,324.510989831324,241.869995311347,339.269094884325,66,68
285.997238742928,245.867185341236,321.151638031016,221.702688957027,338.285751034416,66,69
279.255000794073,235.007072259111,317.393499626383,207.804404360313,335.834229409212,66,70
274.255347309363,227.521152136243,314.112063738393,198.374091537048,333.287208209394,66,71
270.640424049271,222.38472260203,311.508910868628,191.991629833575,331.107813928123,66,72
291.588254353194,268.696744803624,312.809128055765,255.75070170064,323.479776684365,67,68
283.363406080381,248.898120447585,314.06929213668,228.559261681954,329.166630009128,67,69
277.134198790572,235.937190285048,312.954607376822,210.896221360171,330.348340577884,67,70
272.592550749429,227.575172076041,311.164252899431,199.677789669872,329.761709426809,67,71
269.344289766107,222.162154402143,309.413875341237,192.56157563188,328.653914265056,67,72
267.045090165459,218.620045300004,307.947601911206,188.0027158973,327.539058573863,67,73
275.826040572235,251.669709982629,298.030946215278,237.891321931358,309.140604069211,68,69
270.672862751238,234.580283255607,302.489431086325,213.01290708776,318.046376127409,68,70
267.479085746696,224.853088068352,304.189809405875,198.619328069774,321.933271960233,68,71
265.408597854494,219.372226571873,304.564504234301,190.552150705537,323.378968490551,68,72
264.031575700145,216.24535816479,304.406919890901,186.045397394376,323.748565496976,68,73
263.103402272627,214.417043811688,304.092787509149,183.487597973946,323.6970862828,68,74
271.3002416053,246.897464923771,293.682420218152,232.946973122352,304.866426747752,69,70
268.003622975316,231.796238870734,299.870899303913,210.118784051803,315.439980323749,69,71
265.813489437324,223.224283409073,302.464493441548,196.986469479564,320.172607174782,69,72
264.335870470464,218.452224439678,303.357531796699,189.723265136225,322.106527468498,69,73
263.33141144687,215.778210997609,303.524146320591,185.740942216069,322.781409134052,69,74
262.646218342457,214.247162390826,303.42134683439,183.530830987638,322.929094162397,69,75
285.207084434005,262.131520352215,306.550648595271,249.052146215684,317.268592908698,70,71
280.112405451336,245.8035556295,310.655250569857,225.538854679776,325.666251646684,70,72
275.397693841974,234.652925834958,310.847221523335,209.906732895042,328.066222085777,70,73
271.695570645001,227.335554956404,309.767265075385,199.907361836293,328.13808562692,70,74
268.961242755159,222.572242109237,308.451235919953,193.566616222325,327.433821046329,70,75
266.995633948697,219.453610376299,307.268172330217,189.519035148388,326.58313535623,70,76
296.083004392594,273.968447024544,316.656987322557,261.505825493461,327.024694383682,71,72
288.884014713098,255.648003357357,318.672545322574,236.168229293953,333.365951993062,71,73
282.274638334663,242.417502070491,317.162262765689,218.393732666547,334.15954870514,71,74
277.052729669643,233.312815097555,314.772618759212,206.440630399974,333.015423208964,71,75
273.161400698454,227.141475518851,312.476104957617,198.507626523715,331.405578019845,71,76
270.338512801615,222.962386069407,310.570243111885,193.237383529256,329.887564117303,71,77
256.298333674423,229.998230709496,280.140281497556,214.776160071473,291.97446681828,72,73
255.32408736453,216.896603450464,288.681190928359,193.489507792791,304.865603568278,72,74
256.405241177904,212.028976535448,294.161950883833,184.261385271896,312.306939517102,72,75
257.701899825926,210.605033668001,297.432902518831,180.773352115412,316.452509915462,72,76
258.765149719053,210.480219190133,299.361268495922,179.744095457712,318.765674314098,72,77
259.54829990119,210.770109247694,300.511052816798,179.665869196245,320.080487655369,72,78
255.681298365505,229.668179796087,280.540549468605,215.344396237046,293.29969635578,73,74
256.347667643087,218.96516687712,291.391626773677,197.963648737406,309.179438341551,73,75
257.317247693307,214.329831774242,297.246573703732,189.925090624956,317.413998077133,73,76
258.14508839688,212.530794377646,300.338333219783,186.506168409835,321.603006669493,73,77
258.760413567547,211.952572934047,301.97942709159,185.188336512973,323.740837751428,73,78
259.193330706506,211.855354834811,302.868979300219,184.763093124329,324.85187276397,73,79
255.641628669369,229.339342681997,282.01260321413,215.446046856635,295.998222452442,74,75
256.462460859228,219.112224022175,293.951155407157,199.403628538415,313.846580561592,74,76
257.195026400164,214.524531118759,300.045998893562,192.020360305047,322.794276701042,74,77
257.743145078129,212.628492520938,303.059263753309,188.84106112755,327.119512588988,74,78
258.125663872248,211.920638214609,304.541768968737,187.560893127534,329.187502268656,74,79
258.384020218941,211.701412017705,305.281909038652,187.090994671174,330.184073532157,74,80
268.899167534039,231.825809933646,317.450456354768,215.593825780872,349.631074650232,75,76
265.123634669679,221.17486356081,326.519955875374,202.704119035121,369.724852304272,75,77
262.357107259969,215.643715094442,329.590411804933,196.367697227839,378.270209398118,75,78
260.318873185197,212.411760763821,330.300690345675,192.820172251997,381.704810268989,75,79
258.811165902252,210.405239516085,330.055595279147,190.699124516015,382.773264499102,75,80
257.692573433918,209.108744756874,329.470280744196,189.375114541958,382.780303248787,75,81
306.038365676549,284.356328471299,326.282860796428,272.180330247662,336.507030088433,76,77
297.411850009468,264.749252526814,326.826545609299,245.707487861913,341.373372709303,76,78
288.511030254845,249.229352787101,323.051323004784,225.684180671731,339.918153517026,76,79
281.307577718594,238.117048998954,318.697997528216,211.716540849975,336.815344142469,76,80
275.995665714642,230.50841276265,314.981500752149,202.331178415005,333.781259726195,76,81
272.252761059005,225.404960856571,312.147414757038,196.126926219065,331.327655671653,76,82
318.460561853862,298.038207845807,337.650030286182,286.638914537708,347.379513291888,77,78
303.222140807437,270.767298591104,332.524499128052,251.89986172062,347.036196424551,77,79
287.825678806944,245.344668113694,324.797577316903,219.554423597621,342.758872674464,77,80
278.577226861447,231.888988672619,318.493817748014,202.87027025883,337.720073800745,77,81
273.111449612941,224.450027149905,314.328182270456,193.806330297882,334.095103239012,77,82
269.914933602212,220.267242630644,311.754371315362,188.772112937261,331.773962665974,77,83
311.197488413027,290.390454168552,330.6980452306,278.747924061368,340.569358411984,78,79
295.931388563099,262.672260335946,325.813140517945,243.232057806503,340.571994218926,78,80
283.843951549847,240.55429235874,321.35439546744,214.124493842897,339.537987453352,78,81
276.551802084273,229.21468059118,316.895420837782,199.663825831677,336.298712519757,78,82
272.20946235259,223.044987849097,313.762991206875,191.988780609508,333.672007126536,78,83
269.645086749929,219.596393084116,311.760609545296,187.778325405305,331.899062070217,78,84
307.755128978338,286.791072803503,327.379565054499,275.047361156351,337.306284225127,79,80
295.979432525709,262.792953026757,325.803096374662,243.400435116144,340.535195576484,79,81
284.690102037403,241.491802650991,322.147255475898,215.14133602229,340.311148739405,79,82
277.678230540231,230.301992882372,318.074945858304,200.746829047498,337.508192953534,79,83
273.37375559751,224.056974938642,315.063791726811,192.912955366895,335.039899303166,79,84
270.751517924256,220.473218356604,313.056927112811,188.505475011441,333.285467525273,79,85
313.552892634799,292.72560444256,333.080490281234,281.076331202782,342.96802881402,80,81
303.333348354706,271.135577500136,332.427249386118,252.434248028431,346.842204055987,80,82
294.453121332536,255.043397311938,329.178290539559,231.481110663048,346.153509172892,80,83
287.43816969198,243.538741789142,325.469703846848,216.730018018294,343.904178783471,80,84
282.132722858441,235.444070172399,322.124369342078,206.499152533254,341.403719438482,80,85
278.209359673334,229.772834988873,319.3832045231,199.425860877279,339.162086206638,80,86
321.52,300.320704495961,341.405560834649,288.468567850946,351.477241157685,81,82
321.52,291.087856567058,349.311042389128,273.611416080794,363.162918649939,81,83
321.52,283.799661603338,355.257876837,261.639739292395,371.880771383044,81,84
321.52,277.506777388495,360.195028066315,251.104160672772,379.074547700043,81,85
321.52,271.841964454427,364.489340341719,241.441522301846,385.301124671417,81,86
321.52,266.617015222738,368.328608100304,232.360265806114,390.845017533196,81,87
325.47,304.671457376831,345.017107375217,293.064521608595,354.929243198922,82,83
325.47,295.628184397869,352.796737146972,278.539770691824,366.438697576262,82,84
325.47,288.496904727912,358.651860805155,266.859068667677,375.030803608253,82,85
325.47,282.345074258784,363.514705071891,256.599063926765,382.124235979385,82,86
325.47,276.811949711366,367.74568257225,247.207253590685,388.266316131817,82,87
325.47,271.712666578574,371.529313109124,238.398188154242,393.736728782417,82,88
344.06,323.952496230735,363.13749293227,312.827627848338,372.871217201354,83,84
344.06,315.278445144496,370.773890095597,299.014925597772,384.219863942877,83,85
344.06,308.47037131024,376.536520601226,288.003306996882,392.722531393798,83,86
344.06,302.621331944493,381.33217629879,278.408998342987,399.76084257308,83,87
344.06,297.380430202929,385.511598280031,269.696149399246,405.868324035286,83,88
344.06,292.56786128489,389.254430557802,261.589382229649,411.317837063932,83,89
329.54,307.012396610754,351.129703851192,294.653217406083,362.223211854538,84,85
329.54,297.369393293969,359.828526940489,279.415838739306,375.221808960522,84,86
329.54,289.833465423285,366.413879342145,267.356860728047,385.005235787362,84,87
329.54,283.382473855401,371.907782149582,256.916027596407,393.132071686888,84,88
329.54,277.620852420718,376.705679833294,247.489238490295,400.204610643843,84,89
329.54,272.345871708097,381.010176296105,238.766308481365,406.531085589414,84,90
323.48,299.782488699893,346.405966006953,286.885257228647,358.263263816359,85,86
323.48,289.713130639233,355.699405650198,271.092109129571,372.220484428543,85,87
323.48,281.876581678265,362.75559237983,258.681970132662,382.769291529624,85,88
323.48,275.191636342272,368.655659043697,248.00375471158,391.559750363286,85,89
323.48,269.239774875629,373.818050757652,238.418305757706,399.22992705575,85,90
323.48,263.806471070652,378.457216997141,229.59772010569,406.106555977293,85,91
266.55,239.253768584213,292.675581300546,224.24389483722,306.098497720025,86,87
266.55,227.545537226246,303.200754942347,205.682263814372,321.831780694909,86,88
266.55,218.380468562942,311.169976748285,190.929617580118,333.679906496332,86,89
266.55,210.521656813331,317.819750817998,178.095255912895,343.527402880895,86,90
266.55,203.490360386631,323.628395385827,166.444181378642,352.102202938323,86,91
266.55,197.04112064995,328.840922364457,155.595849232053,359.7767014862,86,92
286.96,261.78481773434,310.098174233654,247.423207544879,321.673810376262,87,88
286.96,250.617362685025,319.191466150273,229.056536891323,335.000883975933,87,89
286.96,241.698686644132,325.997064945895,213.896677427931,344.878110855739,87,90
286.96,233.915887992524,331.625974020131,200.226667061486,352.990365354964,87,91
286.96,226.837969008761,336.507137897264,187.35858462918,359.98597132354,87,92
286.96,220.243365358427,340.859894604015,174.912080433492,366.195483938692,87,93
306.27,282.800693099779,328.06473242317,269.550942980574,339.0355305062,88,89
306.27,272.488019676636,336.679454737778,252.784111417071,351.71462007884,88,90
306.27,264.302147593169,343.143158010504,239.122689301859,361.141942924659,88,91
306.27,257.198831795935,348.499196013656,226.967701203806,368.902442669924,88,92
306.27,250.774033044805,353.150662238756,215.692156443467,375.606753457848,88,93
306.27,244.820505405413,357.303797673615,204.965132197093,381.566545135716,88,94
306.15,282.810031954682,327.832586708402,269.63807650188,338.749356942844,89,90
306.15,272.557574477348,336.404759631169,252.975668304362,351.367766855753,89,91
306.15,264.421202380498,342.837128418669,239.405162433974,360.751084597723,89,92
306.15,257.362182109327,348.16756291636,227.336288083914,368.476014118081,89,93
306.15,250.978613852344,352.797047014068,216.145772890379,375.150041358063,89,94
306.15,245.064359217161,356.930746485748,205.5049978183,381.083240829512,89,95
298.82,274.975067010506,320.898074760031,261.473620909443,331.991734212323,90,91
298.82,264.469279442563,329.61028469007,244.338139895569,344.798526888611,90,92
298.82,256.115888417506,336.142335267406,230.326904700532,354.311806518276,90,93
298.82,248.855929613312,341.552079670758,217.815873500842,362.137787465943,90,94
298.82,242.279598229049,346.24813755641,206.165341466068,368.895081087697,90,95
298.82,236.176594187629,350.439542835714,195.034407851246,374.899333766148,90,96
290.26,265.759246376992,312.847948963554,251.826313789992,324.168834857168,91,92
290.26,254.921984616537,321.740080959589,234.065548636979,337.217199310865,91,93
290.26,246.283148481255,328.400047490308,219.464866036194,346.896947815731,91,94
290.26,238.757582665965,333.911485865417,206.35496687921,354.852295516024,91,95
290.26,231.925191305597,338.692859932531,194.072545333238,361.716160370869,91,96
290.26,225.570198817632,342.958186993534,182.257407943817,367.811346007586,91,97
287.15,262.497911285213,309.847016233576,248.459798629276,321.213583482682,92,93
287.15,251.580206044624,318.775484441382,230.539923283255,334.308209014938,92,94
287.15,242.870230156213,325.46051112062,215.782878492619,344.01829312993,92,95
287.15,235.277033631793,330.991381599592,202.508469645159,351.996254754334,92,96
287.15,228.378214113848,335.788703890044,190.046810875075,358.878065617509,92,97
287.15,221.956735937111,340.06757516878,178.031470799783,364.988041839955,92,98
295.93,272.178356038125,317.912171410833,258.723910142022,328.954780866011,93,94
295.93,261.709551305736,326.584436293124,241.64065673843,341.70057917686,93,95
295.93,253.38346604856,333.085844929067,227.664749570351,351.167255966915,93,96
295.93,246.145567870834,338.469789966428,215.178519444723,358.954141626819,93,97
295.93,239.587754655409,343.143156924101,203.544290421683,365.677164270356,93,98
295.93,233.500583860678,347.314087512056,192.421693439766,371.650587236322,93,99
279.58,254.334709245686,302.72742525383,239.897732604688,314.291635449447,94,95
279.58,243.111205664838,311.812550117316,221.387388916748,327.594237906362,94,96
279.58,234.134616755184,318.608212822318,206.059592496225,337.446317220301,94,97
279.58,226.290556241039,324.226594299292,192.190385440548,345.533857244656,94,98
279.58,219.147296375788,329.09702523931,179.0836288241,352.505417759557,94,99
279.58,212.482719866712,333.439010234369,166.347798139514,358.691592174705,94,100
273.58,247.854633501184,297.086186068158,233.090041545429,308.806207635249,95,96
273.58,236.380305150347,306.294894045388,214.087445134586,322.271657748212,95,97
273.58,227.183154839633,313.177450400994,198.275278982639,332.2342393238,95,98
273.58,219.129939549414,318.864332343735,183.89184132905,340.406660058556,95,99
273.58,211.781339933932,323.791830625987,170.21571765302,347.447475698249,95,100
273.58,204.911011795861,328.182962091724,156.82848332115,353.692253437049,95,101
267.89,241.76248556792,292.310493673583,227.082744249713,304.663401809937,96,97
267.89,230.332743655367,302.007032682711,208.569363069813,318.991443691762,96,98
267.89,221.280159923176,309.299140143986,193.526779119576,329.681097456513,96,99
267.89,213.437817278735,315.352564976602,180.164109963767,338.504107783812,96,100
267.89,206.35400116383,320.617768812176,167.77543103996,346.143365675073,96,101
267.89,199.796848334716,325.32526836451,155.983915884475,352.947559808812,96,102
234.55,206.063733502547,261.329816796477,190.124936992644,274.936829057414,97,98
234.55,193.650043766447,272.007268580364,170.077350411817,290.771884028256,97,99
234.55,183.835837386847,280.053960043678,153.816842222234,302.622866102859,97,100
234.55,175.34448498962,286.744903369725,139.37674527094,312.42832680007,97,101
234.55,167.681474150765,292.572849146473,125.974065849231,320.935704511947,97,102
234.55,160.592687844498,297.789989024357,113.180921351278,328.526771413139,97,103
286.4,260.42645063344,311.016850878921,246.023441166889,323.579379151007,98,99
286.4,249.19931651095,320.872071914933,228.083879141637,338.234987713825,98,100
286.4,240.372316509354,328.31147239247,213.717040620406,349.224386135215,98,101
286.4,232.77533660199,334.504669735264,201.134388035451,358.328490961602,98,102
286.4,225.95557101232,339.903946490951,189.639812587835,366.234699452939,98,103
286.4,219.680868751454,344.740901747395,178.871858450893,373.294432901365,98,104
273.08,246.508424876038,297.28616414904,231.209523964086,309.334367228002,99,100
273.08,234.622433429041,306.753770809028,211.451824000021,323.162419291053,99,101
273.08,225.076819828874,313.824925329758,194.93818769234,333.384405317896,99,102
273.08,216.703106870904,319.664698835347,179.842473775262,341.76451996372,99,103
273.08,209.047991817269,324.722638921613,165.405307751788,348.980858613639,99,104
273.08,201.877567671087,329.228496674969,151.171104350172,355.378835204411,99,105
274.63,248.36428478514,298.594286551931,233.26600540419,310.53254522522,100,101
274.63,236.63235790808,307.974976714523,213.801451971667,324.241658782269,100,102
274.63,227.219802389449,314.983673809594,197.569851872787,334.380169580626,100,103
274.63,218.970573277372,320.773341823413,182.769599467942,342.69440515371,100,104
274.63,211.436362176576,325.788904289285,168.657644429994,349.855723206361,100,105
274.63,204.386027924925,330.257770352297,154.796173426438,356.206160793339,100,106
296.43,272.231336609174,318.797221436646,258.506066892542,330.024680190678,101,102
296.43,261.553051640251,327.615094428924,241.056386069777,342.977674252119,101,103
296.43,253.053990405049,334.22358899011,226.758167484031,352.594376033224,101,104
296.43,245.660640845563,339.694951862515,213.963256621355,360.502404988121,101,105
296.43,238.957514825901,344.443317403288,202.020407635419,367.328487267943,101,106
296.43,232.731326819052,348.680520076545,190.580223563815,373.392353696738,101,107
312.36,289.517576798999,333.642298114865,276.663201640785,344.376508011249,102,103
312.36,279.509751007076,342.070140624242,260.448135880101,356.797764652155,102,104
312.36,271.580547778044,348.398852213801,247.286031597436,366.04325938375,102,105
312.36,264.711480462881,353.646234127169,235.619394152807,373.659907075722,102,106
312.36,258.508525697942,358.20558637023,224.839867593217,380.243919312714,102,107
312.36,252.769652983441,362.278175152977,214.628993135658,386.099705045656,102,108
297.13,273.047424306181,319.402029411881,259.395450297097,330.585327599234,103,104
297.13,262.425636148238,328.185034647886,242.048514337684,343.489975873252,103,105
297.13,253.974240148009,334.768273059112,227.84404476545,353.072415275088,103,106
297.13,246.624508242783,340.219258362734,215.141828560598,360.953223316024,103,107
297.13,239.962821840239,344.950311196657,203.294433313082,367.756455477162,103,108
297.13,233.776877927995,349.172344803189,191.955284948551,373.800497875068,103,109
301.32,277.714849360435,323.205852157793,264.367286190622,334.211909712869,104,105
301.32,267.32752740146,331.848805523028,247.45007147288,346.924063530815,104,106
301.32,259.074840002704,338.33111107635,233.639998223233,356.371126282923,104,107
301.32,251.907566119197,343.700987788244,221.32919840551,364.14502999737,104,108
301.32,245.419706612529,348.363368551743,209.885737512965,370.858985043369,104,109
301.32,239.4029614972,352.525417089036,198.97444232432,376.82592540275,104,110
258.99,230.544865499354,284.60641561307,213.961675014665,297.274778148721,105,106
258.99,217.676586171262,294.565372827054,192.245971205553,311.758945376344,105,107
258.99,207.261417206544,301.984552398713,173.752434813068,322.432189998172,105,108
258.99,198.056014948792,308.100456996352,156.4728530141,331.163037061907,105,109
258.99,189.575900089681,313.389802609099,139.486811786997,338.668629612615,105,110
258.99,181.568743712782,318.096050317572,122.113434031642,345.313828585734,105,111
241.46,210.715991903435,268.709427629374,192.463437002304,282.070876083618,106,107
241.46,196.578228465129,279.218750881229,168.035118661679,297.272027150566,106,108
241.46,184.998854728911,287.02205867785,146.555451837154,308.428731765154,106,109
241.46,174.641601451678,293.439397503488,125.626003777783,317.529899748567,106,110
241.46,164.978820271534,298.979082049888,103.745570701833,325.337309319689,106,111
241.46,155.727839692301,303.900443714377,78.9045139861662,332.237882474253,106,112
242.76,212.358697231815,269.756814494406,194.349773075306,283.00757129082,107,108
242.76,198.406444751381,280.178443735135,170.314270848339,298.091374438265,107,109
242.76,186.996018530106,287.919592278707,149.269836979805,309.167025987777,107,110
242.76,176.805466382869,294.287541779072,128.886427394458,318.204903112653,107,111
242.76,167.313944121651,299.78576493896,107.780330980554,325.959871110152,107,112
242.76,158.243742257978,304.671154807858,84.2659037146571,332.81541671318,107,113
229.4,198.991143389426,257.218737736815,181.506600322793,271.122039326474,108,109
229.4,185.407522964299,268.140586465134,158.88983646595,287.132456257032,108,110
229.4,174.494286686847,276.314869233582,139.8813756162,299.006546405169,108,111
229.4,164.909629315553,283.077121546127,122.32744329995,308.766725216208,108,112
229.4,156.131076022743,288.942661066752,105.254311613994,317.190449538301,108,113
229.4,147.887026607878,294.174857093976,87.9481933650073,324.673822461167,108,114
264.26,236.877910328504,290.238834063153,221.699809465335,303.510140052803,109,110
264.26,225.046534973769,300.649218884311,202.792004161437,319.006081697524,109,111
264.26,215.744467612873,308.511924602094,187.639412734352,330.635780382031,109,112
264.26,207.737551299353,315.060432955703,174.353308264998,340.277262809024,109,113
264.26,200.548105245969,320.771707048795,162.196291606254,348.655383274206,109,114
264.26,193.931134257532,325.889978058268,150.782927010865,356.140706053905,109,115
245.48,216.706732442633,272.32456549331,200.494500498017,285.897088632402,110,111
245.48,204.087693559868,282.978561127481,179.969995828957,301.639731545479,110,112
245.48,194.072617376021,290.990333955662,163.197967562528,313.386926927384,110,113
245.48,185.377910766462,297.641384122166,148.194856037848,323.085246105556,110,114
245.48,177.506208433243,303.426786906154,134.163261116466,331.484675376001,110,115
245.48,170.201699154305,308.599839426277,120.657845729735,338.968046063208,110,116
245.82,215.898414186944,272.475569964059,198.239200693321,285.580882416418,111,112
245.82,202.211925663966,282.781748740228,174.777294178376,300.513573339082,111,113
245.82,191.046284407809,290.442108933542,154.37540369889,311.486837212475,111,114
245.82,181.099227753125,296.746515958189,134.798099697457,320.445956642326,111,115
245.82,171.859342252352,302.191855899589,114.816945007478,328.13649038592,111,116
245.82,163.0558407153,307.031713764645,93.1335531165245,334.937323641842,111,117
267.61,240.405650962867,292.293423548511,224.675174297197,304.551345571984,112,113
267.61,228.189356061015,301.927209404008,204.264855451907,318.600948063323,112,114
267.61,218.352555255032,309.115972533385,187.099919445914,328.975018837975,112,115
267.61,209.701607308717,315.048981928948,171.298248721892,337.473124844286,112,116
267.61,201.772891177956,320.184992213611,156.056607010013,344.786605896387,112,117
267.61,194.326566591162,324.758401971798,140.864869349752,351.267473670021,112,118
272.2,245.624001861217,296.402806736288,230.317600164675,308.44724831214,113,114
272.2,233.732548294396,305.867561623224,210.543287804301,322.269536809807,113,115
272.2,224.180655018757,312.936095277463,194.008184477015,332.486376392387,113,116
272.2,215.799852942107,318.773410019667,178.885069805016,340.86176358511,113,117
272.2,208.136805862734,323.829017305865,164.41279962356,348.073691496609,113,118
272.2,200.957549289395,328.332645461236,150.132978826332,354.467510871605,113,119
283.63,258.309653494904,306.868315131348,243.843960176045,318.48434760922,114,115
283.63,247.062798566953,315.993829790818,225.315833202224,331.851080507225,114,116
283.63,238.072819729381,322.821231151592,209.993225241136,341.753453295714,114,117
283.63,230.221374639883,328.466774935971,196.148041156364,349.883898710559,114,118
283.63,223.075268541416,333.361392348726,183.084755888997,356.893533947113,114,119
283.63,216.411704112216,337.725418698902,170.41499004941,363.114288931404,114,120
295.16,270.987338971304,317.49770448802,257.273436292271,328.708710097094,115,116
295.16,260.318137226703,326.302738838901,239.83385804939,341.641548073034,115,117
295.16,251.825079042065,332.901216431188,225.539557240847,351.242549788729,115,118
295.16,244.435971354685,338.364045587964,212.744125568649,359.137238353984,115,119
295.16,237.735828064649,343.104837227923,200.796691530761,365.951514176025,115,120
295.16,231.511610703945,347.335155113769,189.347694642743,372.004678770121,115,121
298.42,274.639519266158,320.440640230379,261.175935202038,331.506114462174,116,117
298.42,264.163096571068,329.130680932589,244.090248390151,344.280855465334,116,118
298.42,255.833547127632,335.6462733052,230.121456102069,353.770631530574,116,119
298.42,248.594700928055,341.042486852861,217.649899552837,361.577456504854,116,120
298.42,242.037837369656,345.726868595508,206.037711193337,368.31833148994,116,121
298.42,235.953216491523,349.907904920091,194.945095624666,374.308084510391,116,122
301.45,278.031660081144,323.175920313833,264.797753970256,334.105566527164,117,118
301.45,267.732224893699,331.758662700025,248.034716433398,346.732372078765,117,119
301.45,259.55223804953,338.196785723888,234.360457340372,356.117840321048,117,120
301.45,252.450377685226,343.530658288022,222.179717427859,363.84213442043,117,121
301.45,246.023715203156,348.162196078812,210.866092509565,370.513975570996,117,122
301.45,240.065545262558,352.297026211555,200.08799072402,376.444026126656,117,123
321.42,299.530030337908,341.911478886955,287.267807388086,352.27687099974,118,119
321.42,289.97936252059,350.048187876665,271.867919756734,364.29353217634,118,120
321.42,282.431990328473,356.165694321444,259.432117812878,373.252030521533,118,121
321.42,275.9089296084,361.242522948576,248.465216344785,380.640643369695,118,122
321.42,270.031471301606,365.65690147162,238.38552295378,387.03329210079,118,123
321.42,264.605509160921,369.602431395003,228.89108103603,392.723141804226,118,124
304.46,281.211025432629,326.079608424787,268.102401382382,336.971727754127,119,120
304.46,271.007059574585,334.632047343228,251.534089202445,349.567082157543,119,121
304.46,262.913233161403,341.051407862768,238.053090068605,358.936835531805,119,122
304.46,255.894220578791,346.372192095682,226.074708763085,366.652784662726,119,123
304.46,249.549445817647,350.994103452133,214.978312709379,373.320586766639,119,124
304.46,243.673462853676,355.121662101568,204.437185245569,379.249410571358,119,125
287.41,262.267870918304,311.107520007887,248.257797752455,323.156060179048,120,121
287.41,251.351482042934,320.561961029721,230.732243572076,337.176378621522,120,122
287.41,242.746461023409,327.687130949649,216.630805960199,347.665418251616,120,123
287.41,235.323946440487,333.611295782318,204.227368607711,356.340082418356,120,124
287.41,228.647119790546,338.770645264665,192.84896175784,363.86274279328,120,125
287.41,222.492005778844,343.388489888943,182.144808958274,370.571882497356,120,126
306.05,281.530710340892,329.552267562583,268.075635728317,341.633084091877,121,122
306.05,271.033060628578,339.024932434967,251.478369607228,355.79420925332,121,123
306.05,262.827054831591,346.197816294012,238.331783875434,366.457389325295,121,124
306.05,255.800287790158,352.183143491084,226.937368391464,375.318507829676,121,125
306.05,249.522251582753,357.411234344652,216.636960860434,383.032847599867,121,126
306.05,243.772290753749,362.102549548192,207.092072071014,389.935729919163,121,127
296.91,272.628637778739,319.753542290593,259.078900270548,331.351681159673,122,123
296.91,262.072073282178,328.855482555152,242.111229839737,344.834068253798,122,124
296.91,253.745073424856,335.710529432294,228.445731226582,354.910961171568,122,125
296.91,246.558590102731,341.40717917423,216.417780726893,363.2385231091,122,126
296.91,240.091248156671,346.366225643157,205.378850121235,370.455619967326,122,127
296.91,234.127016305732,350.80308713851,194.991386217532,376.888688167724,122,128
310.52,287.911622180624,331.590573374123,275.192684128231,342.219945720507,123,124
310.52,278.008982838836,339.936003098502,259.153055802,354.521317840497,123,125
310.52,270.164434254154,346.20330716049,246.137763126917,363.678487112722,123,126
310.52,263.369730962864,351.400067460138,234.605127911013,371.222906966329,123,127
310.52,257.234814940179,355.915642053088,223.953156145008,377.744850405204,123,128
310.52,251.559694787927,359.949283131476,213.866922309701,383.545703356646,123,129
348.88,328.525956762901,368.110393553145,317.222997263547,377.89444722069,124,125
348.88,319.71575935316,375.787781716349,303.143574925604,389.279786317753,124,126
348.88,312.787251566959,381.574130062309,291.879948567166,397.795188433906,124,127
348.88,306.824736293116,386.384938552479,282.03504848282,404.83488795407,124,128
348.88,301.473964015697,390.574252721105,273.06759447487,410.937080640566,124,129
348.88,296.553417124873,394.323379031464,264.699064039193,416.376924000195,124,130
353.13,333.112969907179,372.071765381995,322.013333856843,381.71866187342,125,126
353.13,324.46017447526,379.641014955667,308.205687563381,392.95179046637,125,127
353.13,317.660888542627,385.348311168471,297.176055254311,401.3581697794,125,128
353.13,311.813673466823,390.094924699696,287.549186023648,408.310651384696,125,129
353.13,306.569784946043,394.229426401126,278.792454586504,414.339263467338,125,130
353.13,301.750527771684,397.930332292645,270.632021915536,419.715026820521,125,131
356.49,336.750487418892,375.192488567398,325.817312926462,384.725155871147,126,127
356.49,328.226620983182,382.671704987319,312.231036901173,395.831118660442,126,128
356.49,321.532856235188,388.313050722346,301.390960717952,404.146152849538,126,129
356.49,315.779546615165,393.006024937549,291.939847845678,411.025400345701,126,130
356.49,310.622500364163,397.094667407586,283.352182008033,416.99211883848,126,131
356.49,305.885355104636,400.755183735428,275.357933246459,422.31389736868,126,132
336.82,315.799482644549,356.603662975113,304.08429558028,366.644662942367,127,128
336.82,306.670810462432,364.483965193631,289.442428617964,378.310444965339,127,129
336.82,299.47753075109,370.417085110892,277.684370842548,387.023576515215,127,130
336.82,293.276291895058,375.346089343331,267.370493989895,394.219514624739,127,131
336.82,287.702165886039,379.635609554653,257.942319292311,400.452140455236,127,132
336.82,282.568151499568,383.472338642773,249.111684950757,406.004528834452,127,133
341.47,320.831352196149,360.930497537048,309.34907327856,370.81910769507,128,129
341.47,311.882812236059,368.690589944544,295.021691259969,382.316623959032,128,130
341.47,304.838305681019,374.536121658373,283.537468733443,390.909764760456,128,131
341.47,298.770512032841,379.394174724761,273.481454457255,398.010021457341,128,132
341.47,293.32069678572,383.623236311658,264.305116788178,404.162136817927,128,133
341.47,288.3050396804,387.406869988465,255.725839524799,409.644564097708,128,134
350.1,330.057123715834,369.056053618714,318.937648066523,378.706914543004,129,130
350.1,321.389229975223,376.628589388315,305.099028802611,389.942130161236,129,131
350.1,314.576229561236,382.337525466836,294.039028287216,398.348421879666,129,132
350.1,308.715827995009,387.084979644371,284.381072289558,405.299834207729,129,133
350.1,303.45895375105,391.219840867425,275.591958571215,411.326826528871,129,134
350.1,298.626743611173,394.920783609014,267.397477364696,416.700626860469,129,135
354.24,334.518483509032,372.920089739044,323.592401707644,382.439589027803,130,131
354.24,326.000338076868,380.389067754744,310.011676296559,393.528867996335,130,132
354.24,319.310104398793,386.02224662847,299.173128612915,401.83053321192,130,133
354.24,313.559108520626,390.708149027085,289.721002323834,408.698188534547,130,134
354.24,308.40353722508,394.790432117261,281.130325869056,414.654482540576,130,135
354.24,303.667222146806,398.44510323981,273.1313157639,419.966685881769,130,136
354.74,333.894076960126,374.677763550893,322.441041883057,384.906068729982,131,132
354.74,324.958997209946,382.699115869514,308.306885117989,396.876206716179,131,133
354.74,317.971813724322,388.766913810394,297.111811494855,405.874914291008,131,134
354.74,311.987679772614,393.825911513848,287.413855426193,413.34285899055,131,135
354.74,306.640959136283,398.241650096839,278.65493277681,419.836739165064,131,136
354.74,301.744274694651,402.201408971193,270.548678726473,425.64143761552,131,137
344.71,322.905180638649,365.617865523575,310.94986091801,376.363552854437,132,133
344.71,313.576737114779,374.04384709534,296.220160367038,388.955857672293,132,134
344.71,306.289404670959,380.423118332001,284.572609079508,398.433970857901,132,135
344.71,300.053443922882,385.745324962628,274.496494183089,406.307288836328,132,136
344.71,294.485822207074,390.393403382827,265.407063973387,413.159155131947,132,137
344.71,289.390236427198,394.563557705349,257.004250008587,419.288129073288,132,138
343.27,321.667590232722,363.944831436907,309.804038476035,374.557060653392,133,134
343.27,312.411979844578,372.266919157217,295.167062672082,386.981859260994,133,135
343.27,305.175421587486,378.563908477523,283.575766987785,396.326319947264,133,136
343.27,298.97846766722,383.815142351509,273.53525895532,404.083856661589,133,137
343.27,293.442086330225,388.399544665801,264.466869876276,410.831552740277,133,138
343.27,288.372030617637,392.511251362466,256.07357964436,416.864724971692,133,139
349.02,329.252074470098,367.72686385586,318.291013646823,377.254394832273,134,135
349.02,320.707276639136,375.202441383811,304.656258058225,388.348735595793,134,136
349.02,313.9930033267,380.839175718284,293.765184435401,396.651385893359,134,137
349.02,308.219009080501,385.527147111159,284.259619636156,403.518159435503,134,138
349.02,303.040879646196,389.61059922877,275.613557498467,409.472508825659,134,139
349.02,298.282138534289,393.265832338137,267.55656788919,414.782093615816,134,140
335.43,314.826592331446,354.839182038247,303.353919698398,364.695909748688,135,136
335.43,305.886212991875,362.574560441714,289.026888956234,376.151968758192,135,137
335.43,298.844730513732,368.400018101687,277.532367682683,384.711283464981,135,138
335.43,292.77695962265,373.240482280796,267.458566391166,391.781883590243,135,139
335.43,287.324996197997,377.453589148227,258.258001873588,397.907121842639,135,140
335.43,282.305442269342,381.222458243987,249.648401701207,403.3647166619,135,141
340.29,320.069626992056,359.374538020246,308.830195286324,369.078055740986,136,137
340.29,311.309664913083,366.989065212833,294.817568910567,380.364871908259,136,138
340.29,304.417046436214,372.726441650135,283.596258225848,388.803462544779,136,139
340.29,298.482682997111,377.495541286696,273.779210816773,395.777779662465,136,140
340.29,293.154887934833,381.647828451211,264.828873382058,401.821992378621,136,141
340.29,288.253454930568,385.363279016852,256.468467611731,407.209173663444,136,142
366.38,347.530278022457,384.306341523022,337.125503469632,393.465525425563,137,138
366.38,339.416018681588,391.491346244287,324.235776889986,404.153439540146,137,139
366.38,333.055721207478,396.916419800153,313.986580937774,412.166697559544,137,140
366.38,327.597831030758,401.433019102527,305.078748825774,418.803098684448,137,141
366.38,322.712862203574,405.370529824035,297.009519035958,424.563945643404,137,142
366.38,318.231983376642,408.897680322626,289.520886628942,429.705684719881,137,143
370.28,351.704095438425,387.967568440116,341.461811434817,397.01196569011,138,139
370.28,343.715809459375,395.062141316576,328.785988663047,407.571535879233,138,140
370.28,337.457996228446,400.420781649329,318.717864254172,415.492263130551,138,141
370.28,332.090825590202,404.883234690998,309.976114781806,422.054287275578,138,142
370.28,327.2893368358,408.774374085479,302.06494192612,427.752148289833,138,143
370.28,322.887014831845,412.260625661956,294.729992426301,432.838859625805,138,144
365.44,346.666893268366,383.294796978908,336.305102568774,392.417864324635,139,140
365.44,338.586109588583,390.451446300546,323.469398275132,403.063973347299,139,141
365.44,332.252280839841,395.855222037033,313.263833214161,411.046111714278,139,142
365.44,326.817274232546,400.354160441682,304.394458708472,417.656876591959,139,143
365.44,321.952927113939,404.276325051172,296.360536487089,423.395564902231,139,144
365.44,317.491086061714,407.789767495296,288.905105027263,428.517598475344,139,145
376.11,357.925524272293,393.454990384706,347.914744963244,402.334317051619,140,141
376.11,350.116768704378,400.419536210191,335.54273066996,412.709046839175,140,142
376.11,344.004740245143,405.682562920862,325.730898050702,420.496341600589,140,143
376.11,338.766410323909,410.067029897769,317.223476562317,426.951013310736,140,144
376.11,334.083303120288,413.891342136864,309.534616259925,432.557897421874,140,145
376.11,329.792222097419,417.318623661686,302.415156977101,437.5650790518,140,146
370.94,352.547339536728,388.462852506008,342.41118969033,397.426288746935,141,142
370.94,344.641496279655,395.493743027271,329.872360425855,407.893877224082,141,143
370.94,338.449943144362,400.805121234112,319.917947902955,415.747288800245,141,144
370.94,333.140843924853,405.228744011623,311.278801145286,422.254570904546,141,145
370.94,328.392325871201,409.086402816247,303.463854036175,427.905618144307,141,146
370.94,324.039454853912,412.542948442704,296.221212391959,432.951079282328,141,147
380.34,362.459676550044,397.4167318887,352.627616813142,406.166098824364,142,143
380.34,354.78959181431,404.278946133321,340.488838380193,416.394755476605,142,144
380.34,348.789788220092,409.466542399272,330.872621585886,424.076238347999,142,145
380.34,343.650357040024,413.78937022505,322.543142400435,430.44555506108,142,146
380.34,339.057887091401,417.560780283237,315.02229923776,435.979945933806,142,147
380.34,334.851773430811,420.941315644597,308.064957604755,440.923635835732,142,148
381.81,363.618183699336,399.233190583942,353.63872414769,408.17749052732,143,144
381.81,355.831599040425,406.247326245948,341.342853408647,418.648298484184,143,145
381.81,349.748189437449,411.55441472359,331.622762668216,426.521397005262,143,146
381.81,344.542555456583,415.97980557878,323.218792994918,433.05575989079,143,147
381.81,339.895266573406,419.842878410294,315.643619352835,438.737991504443,143,148
381.81,335.64262378454,423.307280210957,308.647418191416,443.817156568421,143,149
321.71,298.352234131957,343.954958755766,285.464887499472,355.337967293498,144,145
321.71,288.301928081063,352.883331258568,269.495551525784,368.638725420628,144,146
321.71,280.423712907092,359.630284490202,256.786582682796,378.624899337495,144,147
321.71,273.661892851435,365.251304776144,245.726475719701,386.904952136862,144,148
321.71,267.607969642289,370.154673087732,235.690675366077,394.100104564997,144,149
321.71,262.052589679084,374.54951743817,226.357754294296,400.52811617609,144,150
364.77,343.611417728814,385.000505866339,331.98376522555,395.376597908389,145,146
364.77,334.540281284658,393.137894326787,317.631386721139,407.517635051875,145,147
364.77,327.445858262652,399.292806510657,306.261378551252,416.643365046636,145,148
364.77,321.369297026201,404.424000347266,296.410433681026,424.215782100488,145,149
364.77,315.939544555447,408.902432626195,287.512220974851,430.799816485924,145,150
364.77,310.966449228246,412.918156120601,279.276152049997,436.684559229247,145,151
363.53,343.441304838886,382.56535117563,332.315814773245,392.268342275322,146,147
363.53,334.767430495096,390.1781663253,318.491787445481,403.573248550603,146,148
363.53,327.956228359667,395.92044997231,307.463111073913,412.037564693636,146,149
363.53,322.102253330355,400.697498718156,297.848448092645,419.040518846314,146,150
363.53,316.855200549855,404.8594643144,289.112960883821,425.114674812481,146,151
363.53,312.03557528513,408.585683582838,280.981842206176,430.532383297626,146,152
370.16,350.507625528622,388.820407568683,339.644328683293,398.344959913731,147,148
370.16,342.036805635269,396.292546454444,326.169253590856,409.451733516032,147,149
370.16,335.391893095165,401.931948114832,315.439421850189,417.774105579232,147,150
370.16,329.685949683612,406.62543173521,306.101721992258,424.663510525647,147,151
370.16,324.575813130438,410.7160371446,297.632417235311,430.64188835124,147,152
370.16,319.885646821377,414.379474977928,289.762612006775,435.97620590297,147,153
388.23,369.504765953236,406.092775994855,359.197323640097,415.237839406654,148,149
388.23,361.464535468949,413.265717788136,346.459806287067,425.923583297019,148,150
388.23,355.171665802733,418.686399328403,336.359084212815,433.944672827934,148,151
388.23,349.778594697619,423.202312473795,327.601947462408,440.593343013411,148,152
388.23,344.957351780647,427.14135554318,319.688064282712,446.368894079019,148,153
388.23,340.539874904005,430.671516920532,312.36085291613,451.526815006322,148,154
386.08,367.309052906124,403.979754012039,356.973012258129,413.141521305234,149,150
386.08,359.246739429394,411.165917307327,344.196374590668,423.845042391562,149,151
386.08,352.935460529275,416.59601719753,334.061364544621,431.878323076151,149,152
386.08,347.525781297837,421.119415163335,325.271934870605,438.536392406729,149,153
386.08,342.689010365279,425.064727392631,317.326644868581,444.319612764277,149,154
386.08,338.256717168763,428.600307452972,309.968326561683,449.484008648984,149,155
369.38,349.693064449441,388.069559937289,338.808717125983,397.607782010591,150,151
369.38,341.205958923519,395.55248746339,325.30534442779,408.729562678144,150,152
369.38,334.54762469884,401.199723104641,314.551055470744,417.062566709281,150,153
369.38,328.829673820504,405.899533251953,305.19053000439,423.960400427771,150,154
369.38,323.708384849862,409.995514278536,296.699162070137,429.945832458154,150,155
369.38,319.00763490515,413.66366035778,288.807592189511,435.286248853461,150,156
389.03,370.336728285641,406.865381055617,360.048481399259,415.997460634322,151,152
389.03,362.31136627624,414.028082923353,347.336444467346,426.668847902859,151,153
389.03,356.030657913086,419.441294244402,337.257446475207,434.679700767402,151,154
389.03,350.648396008265,423.95115323014,328.520335375927,441.320216608034,151,155
389.03,345.83713283401,427.885037022301,320.625580519252,447.088916442918,151,156
389.03,341.429073560808,431.410668202318,313.317018836229,452.240894252585,151,157
379.39,360.232918946273,397.625250026044,349.667205153655,406.947797317741,152,153
379.39,351.992575879618,404.938110325713,336.587796436123,417.830635809899,152,154
379.39,345.536324793077,410.461138725185,326.196231258246,425.992870160117,152,155
379.39,339.998230056832,415.060180420544,317.171370050693,432.754377793727,152,156
379.39,335.043232801745,419.070201513589,309.001993884071,438.625034661037,152,157
379.39,330.499644156631,422.662795690188,301.425819034757,443.865693305128,152,158
380.41,361.37128363106,398.540314283599,350.874897093501,407.811796372711,153,154
380.41,353.184743958444,405.812979193496,337.885794659684,418.63703110191,153,155
380.41,346.771979555647,411.30631226658,327.569880008715,426.75738781048,153,156
380.41,341.272174656305,415.881043274231,318.613807257639,433.485014059032,153,157
380.41,336.352247366912,419.870165935593,310.509392135743,439.326820503433,153,158
380.41,331.841520857136,423.444266649879,302.995934011602,444.542152139874,153,159
375,355.727863722496,393.329046338781,345.090439914957,402.694312761021,154,155
375,347.432136620477,400.67569687057,331.913077488634,413.622959306122,154,156
375,340.929768037216,406.222905507996,321.435673440305,421.816873223163,154,157
375,335.350091036029,410.841239882648,312.32990065665,428.602991245761,154,158
375,330.356224157257,414.867479493074,304.08171585023,434.493873777644,154,159
375,325.775546425044,418.474140598438,296.427328389695,439.751727296714,154,160
376.88,357.632271272884,395.215959352102,347.023571066784,404.595163535628,155,156
376.88,349.357961077867,402.572974748466,333.898209341364,415.548397804552,155,157
376.88,342.877293871105,408.130736190307,323.476108993211,423.76635666146,155,158
376.88,337.319831558518,412.759594057924,314.429206697117,430.575879954554,155,159
376.88,332.348766067171,416.796266462076,306.243605925859,436.489562919931,155,160
376.88,327.791509578097,420.413248930357,298.655662992694,441.769663093955,155,161
393.06,374.299337196489,411.031115548769,364.009323364468,420.257815132684,156,157
393.06,366.270344900903,418.266647124175,351.332355871022,431.060142778906,156,158
393.06,359.998018011308,423.74154996377,341.312264969181,439.183150016536,156,159
393.06,354.63106061079,428.30706907772,332.649857638488,445.925330642992,156,160
393.06,349.840018673734,432.29260651199,324.842513152331,451.788569984538,156,161
393.06,345.456055825497,435.866945556994,317.632568244475,457.029757074562,156,162
380.71,361.801029837202,398.723303661708,351.379591285741,407.937137226846,157,158
380.71,353.672720682634,405.950630927932,338.487017025513,418.696766386085,157,159
380.71,347.306693685041,411.410280399504,328.251049420999,426.769036020892,157,160
380.71,341.847804622683,415.957314064362,319.36697961308,433.457510587486,157,161
380.71,336.965162655496,419.922538476726,311.329980134179,439.265802416215,157,162
380.71,332.489212801978,423.475422208501,303.881093382992,444.451577021693,157,163
391.71,373.38238460545,409.217656084384,363.306287392674,418.189071884672,158,159
391.71,365.521798649045,416.253957355353,350.868315577315,428.678310929343,158,160
391.71,359.37360461875,421.573483339499,341.016882875174,436.556143371513,158,161
391.71,354.107523067259,426.006454227554,332.485068773096,443.088672972407,158,162
391.71,349.402257829823,429.874105617573,324.782745766373,448.765166056609,158,163
391.71,345.093162703045,433.341021795626,317.658621296568,453.836006148981,158,164
398.81,380.867186992357,415.979642751191,371.017770329631,424.78789059515,159,160
398.81,373.182456005185,422.887428364754,358.876059469922,435.094263559391,159,161
398.81,367.176722833452,428.112394231707,349.273340969071,442.840021386782,159,162
398.81,362.036271151049,432.468208915467,340.967854715602,449.266269593338,159,163
398.81,357.446197399735,436.26972723603,333.479232069553,454.852689458379,159,164
398.81,353.245125598876,439.678275432368,326.561237653725,459.844793912905,159,165
383.64,364.941186576253,401.468900857384,354.643792994031,410.593708793877,160,161
383.64,356.909088818817,408.62611186476,341.913746583112,421.253508879075,160,162
383.64,350.621111511142,414.034155904973,331.814673156221,429.253616881084,160,163
383.64,345.231145296802,418.539068279465,323.05560555108,435.883972635779,160,164
383.64,340.411786767171,422.468176563247,315.137064855926,441.642966747889,160,165
383.64,335.995265664782,425.989173341734,307.802883552897,446.785612307018,160,166
395.02,376.906021585989,412.33905663842,366.955311638517,421.219073286436,161,162
395.02,369.142736346298,419.303390161845,354.680764816403,431.605574380633,161,163
395.02,363.073229036998,424.5698639111,344.966179871593,439.408990056455,161,164
395.02,357.87644276766,428.959481780764,336.558651572198,445.88149726137,161,165
395.02,353.234641467433,432.78992572092,328.973489597105,451.507020076666,161,166
395.02,348.985000409407,436.2239651794,321.962219142426,456.533226310004,161,167
399.97,382.140239893444,417.038227763575,372.356322767407,425.796753278448,162,163
399.97,374.506389757935,423.906894339108,360.299081366302,436.046767229516,162,164
399.97,368.541535980247,429.102868885326,350.766343003973,443.751382580039,162,165
399.97,363.436891111888,433.434893511861,342.523841353232,450.144245071008,162,166
399.97,358.879455137504,437.21592198626,335.094110339526,455.702169728321,162,167
399.97,354.708826203583,440.6063089798,328.232412627946,460.669210260989,162,168
